What is your age group? ,What is your gender?,How many times have you watched this movie?  ,How did the movie make you feel?  ,How effectively did the movie portray the challenges faced by children with dyslexia?  ,How do you feel about the way the film addressed the Indian education system and parental pressure?  ,Share your overall thoughts or review of the movie in your own words.  ,Who was your favorite character?  ,How would you rate Taare Zameen Par on a scale of 1 to 5?  
16-24,Male,Once,"Inspired, Sad, Emotional",3,3,Good,Ram,3
16-24,Male,2-3 times,"Inspired, Hopeful",4,4,"A must watch movie that is socially important. It changes our perceptions of childhood, parenting, and schooling",Ram,4
25-34,Male,Once,Neutral,2,2,It was average good.,No one,2
16-24,Female,2-3 times,Emotional,4,4,It shows how parents are forcing childrens to be good in studies in terms of marks and not taking care of childs mental health.Not letting them do that they can be good at.,Ranjan,4
16-24,Female,2-3 times,Emotional,4,4,üëç,Ram,4
16-24,Female,More than 3 times,"Inspired, Hopeful, Emotional",4,3,"Taare zameen par is not only a movie but very powerful  lesson oriented picture  for all time all age groups. This movie delivers a message that promotes awareness and understanding of learning disabilities while celebrating each child's individuality. Overall, Taare Zameen Par is a must-watch, not only for parents and educators but for anyone who believes in the importance of empathy and acceptance. It is a heartwarming, inspirational film that sheds light on the impact of compassionate teaching, making it an unforgettable cinematic experience.",Rajan,5
16-24,Male,More than 3 times,"Inspired, Hopeful, Other",4,5,"It was a perfect story to teach us lot of small and big things. Big things being dyslexia and parental pressure in indian society, but also the it subtly showed us the life, difficulty and hope for mentally retarded children. On top of everything, the amir khan's character taught us empathy.",Yohan,5
16-24,Female,2-3 times,"Hopeful, Emotional",4,4,Taare Zameen Par really hit me hard. Watching Ishaan go through so much just because no one understood him felt so real. It made me think about how many kids go through the same silently. The way the teacher believed in him was honestly beautiful. It's a movie that stays with you.,Ishaan,4
16-24,Female,Once,"Inspired, Emotional",3,4,Taare Zameen Par is a heart-touching and thought-provoking film that beautifully portrays the struggles of a child with dyslexia.,Ishaan Awasthi,4
16-24,Female,More than 3 times,Inspired,1,4,"It was an absolutely amazing movie, people should definitely watch such movies and should be aware about the situation their child must be facing.",Ram,5
16-24,Female,2-3 times,"Inspired, Hopeful",4,4,It was very educational and much needed for social awareness at the time. It was well portrayed.,Ram,5
16-24,Female,Once,Hopeful,4,3,Taare Zameen Par is a heartfelt and inspiring film that beautifully shows the importance of understanding and nurturing every child's unique abilities.,Ishaan,4
16-24,Male,Once,Inspired,3,1,"Taare Zameen Par is a heart-touching film that beautifully portrays the struggles of a dyslexic child.
It highlights the importance of understanding and nurturing each child's unique abilities.
Aamir Khan delivers a powerful message about empathy in education.
This film leaves a lasting impact and inspires change in how we view learning.",Ishaan,5
16-24,Male,Once,Inspired,1,4,best,all,5
16-24,Female,Once,"Inspired, Sad, Hopeful, Frustrated, Emotional",1,1,Good movie ,No one,1
16-24,Male,Once,Inspired,5,5,Great movie,Ram,5
16-24,Female,More than 3 times,Inspired,3,3,Inspirational ,Ram,4
16-24,Female,More than 3 times,"Inspired, Hopeful, Neutral",2,1,good movie,No one,1
16-24,Male,2-3 times,"Inspired, Emotional",3,4,Only movie where amir got emotionalüòÇreal wala,Ishaan,4
16-24,Male,Once,"Neutral, Other",3,4,Overall good,Sanjay Dutt,4
16-24,Female,2-3 times,Inspired,5,5,Great movie. Well shot and potraited,Ram,5
16-24,Male,More than 3 times,Inspired,4,5,I really Liked this movie just because Amir explained how Indian parent's should raise their child,Ishaan,5
16-24,Female,More than 3 times,"Inspired, Emotional",4,5,Taare Zameen Par is a must-watch movie that beautifully celebrates every child's unique potential and the power of understanding and compassion.,Ram,4
16-24,Female,More than 3 times,"Inspired, Hopeful, Emotional",4,3,The movie is very well directed. Every character is well played. This movie truly shows how a good teacher brings out the best out of a student. ,Ram,5
16-24,Female,More than 3 times,"Inspired, Emotional",4,4,"Great movie to have come out in 2007, and collectively change people's perspective then and now. To create a movie that's have massive effect, that even today it's been discussed; surely a great deal. Everybody started painting that volcano that's for sure.",Yohan,5
25-34,Male,2-3 times,Inspired,2,5,It's good for middle class boys ,Ishaan,5
16-24,Female,More than 3 times,"Inspired, Sad, Hopeful, Emotional",5,5,The way they have shown the education system in the movie is so true. It has happened to me. So I relate with this movie so much.,Ishaan ,5
25-34,Female,2-3 times,"Inspired, Emotional",4,5,Emotional and very well the issue addres,Ishaan,5
25-34,Female,2-3 times,Emotional,3,1,Good,Ram,3
16-24,Male,Once,"Frustrated, Emotional, Other",4,4,Overall it has good story and a good message to convey to Indian society. Everyone should watch this movie at least once in their life,Ram,4
